{
	"Parts": 
		[
			{
				"Name": "bot_head_blue",
				"ColorA": {
					"r": 1,
					"g": 1,
					"b": 1,
					"a": 1
				},
				"ColorB": {
					"r": 0.545098066,
					"g": 0.435294122,
					"b": 0.2784314,
					"a": 1
				},
				"ColorC": {
					"r": 0.1764706,
					"g": 0.5254902,
					"b": 1,
					"a": 1
				},
				"Position": {
					"x": 0,
					"y": 0.234999478,
					"z": 0
				},
				"Scale": {
					"x": 13,
					"y": 13,
					"z": 13
				},
				"Rotation": {
					"x": 0,
					"y": 1,
					"z": 0,
					"w": -1.62920685E-07
				},
				
				"_name": "bot_head_blue",
				
				"_colorA": {
					"r": 1,
					"g": 1,
					"b": 1,
					"a": 1
				},
				
				"_colorB": {
					"r": 0.545098066,
					"g": 0.435294122,
					"b": 0.2784314,
					"a": 1
				},
				
				"_colorC": {
					"r": 0.1764706,
					"g": 0.5254902,
					"b": 1,
					"a": 1
				},
				
				"_position": {
					"x": 0,
					"y": 0.234999478,
					"z": 0
				},
				
				"_scale": {
					"x": 13,
					"y": 13,
					"z": 13
				},
				
				"_rotation": {
					"x": 0,
					"y": 1,
					"z": 0,
					"w": -1.62920685E-07
				}
			},
			{
				"Name": "bot_body_green",
				"ColorA": {
					"r": 1,
					"g": 1,
					"b": 0.521568656,
					"a": 1
				},
				"ColorB": {
					"r": 0.34117648,
					"g": 0.68235296,
					"b": 0.698039234,
					"a": 1
				},
				"ColorC": {
					"r": 0.007843138,
					"g": 0.9411765,
					"b": 0.694117665,
					"a": 1
				},
				"Position": {
					"x": 0,
					"y": 0.3,
					"z": 0
				},
				"Scale": {
					"x": 13,
					"y": 13,
					"z": 13
				},
				"Rotation": {
					"x": 0,
					"y": 1,
					"z": 0,
					"w": 0
				},
				
				"_name": "bot_body_green",
				
				"_colorA": {
					"r": 1,
					"g": 1,
					"b": 0.521568656,
					"a": 1
				},
				
				"_colorB": {
					"r": 0.34117648,
					"g": 0.68235296,
					"b": 0.698039234,
					"a": 1
				},
				
				"_colorC": {
					"r": 0.007843138,
					"g": 0.9411765,
					"b": 0.694117665,
					"a": 1
				},
				
				"_position": {
					"x": 0,
					"y": 0.3,
					"z": 0
				},
				
				"_scale": {
					"x": 13,
					"y": 13,
					"z": 13
				},
				
				"_rotation": {
					"x": 0,
					"y": 1,
					"z": 0,
					"w": 0
				}
			},
			{
				"Name": "bot_arm_left_red",
				"ColorA": {
					"r": 0.9852941,
					"g": 0.332282215,
					"b": 0.318771631,
					"a": 1
				},
				"ColorB": {
					"r": 0.8897059,
					"g": 0.788643956,
					"b": 0.366349459,
					"a": 1
				},
				"ColorC": {
					"r": 1,
					"g": 1,
					"b": 1,
					"a": 1
				},
				"Position": {
					"x": 0,
					"y": 0.3,
					"z": 2.6474612E-07
				},
				"Scale": {
					"x": 13,
					"y": 13,
					"z": 13
				},
				"Rotation": {
					"x": 0,
					"y": 1,
					"z": 0,
					"w": -1.62920685E-07
				},
				
				"_name": "bot_arm_left_red",
				
				"_colorA": {
					"r": 0.9852941,
					"g": 0.332282215,
					"b": 0.318771631,
					"a": 1
				},
				
				"_colorB": {
					"r": 0.8897059,
					"g": 0.788643956,
					"b": 0.366349459,
					"a": 1
				},
				
				"_colorC": {
					"r": 1,
					"g": 1,
					"b": 1,
					"a": 1
				},
				
				"_position": {
					"x": 0,
					"y": 0.3,
					"z": 2.6474612E-07
				},
				
				"_scale": {
					"x": 13,
					"y": 13,
					"z": 13
				},
				
				"_rotation": {
					"x": 0,
					"y": 1,
					"z": 0,
					"w": -1.62920685E-07
				}
			},
			{
				"Name": "bot_arm_right_black",
				"ColorA": {
					"r": 0.980392158,
					"g": 0.623529434,
					"b": 0.243137255,
					"a": 1
				},
				"ColorB": {
					"r": 0.0235294122,
					"g": 0.0392156877,
					"b": 0.02745098,
					"a": 1
				},
				"ColorC": {
					"r": 0.623529434,
					"g": 0.623529434,
					"b": 0.623529434,
					"a": 1
				},
				"Position": {
					"x": 0,
					"y": 0.3,
					"z": 0
				},
				"Scale": {
					"x": 13,
					"y": 13,
					"z": 13
				},
				"Rotation": {
					"x": 0,
					"y": 1,
					"z": 0,
					"w": 0
				},
				
				"_name": "bot_arm_right_black",
				
				"_colorA": {
					"r": 0.980392158,
					"g": 0.623529434,
					"b": 0.243137255,
					"a": 1
				},
				
				"_colorB": {
					"r": 0.0235294122,
					"g": 0.0392156877,
					"b": 0.02745098,
					"a": 1
				},
				
				"_colorC": {
					"r": 0.623529434,
					"g": 0.623529434,
					"b": 0.623529434,
					"a": 1
				},
				
				"_position": {
					"x": 0,
					"y": 0.3,
					"z": 0
				},
				
				"_scale": {
					"x": 13,
					"y": 13,
					"z": 13
				},
				
				"_rotation": {
					"x": 0,
					"y": 1,
					"z": 0,
					"w": 0
				}
			},
			{
				"Name": "bot_leg_left_black",
				"ColorA": {
					"r": 0.980392158,
					"g": 0.623529434,
					"b": 0.243137255,
					"a": 1
				},
				"ColorB": {
					"r": 0.0235294122,
					"g": 0.0392156877,
					"b": 0.02745098,
					"a": 1
				},
				"ColorC": {
					"r": 0.623529434,
					"g": 0.623529434,
					"b": 0.623529434,
					"a": 1
				},
				"Position": {
					"x": 0,
					"y": 0.3,
					"z": -1.49011612E-08
				},
				"Scale": {
					"x": 13,
					"y": 13,
					"z": 13
				},
				"Rotation": {
					"x": 0,
					"y": 1,
					"z": 0,
					"w": 0
				},
				
				"_name": "bot_leg_left_black",
				
				"_colorA": {
					"r": 0.980392158,
					"g": 0.623529434,
					"b": 0.243137255,
					"a": 1
				},
				
				"_colorB": {
					"r": 0.0235294122,
					"g": 0.0392156877,
					"b": 0.02745098,
					"a": 1
				},
				
				"_colorC": {
					"r": 0.623529434,
					"g": 0.623529434,
					"b": 0.623529434,
					"a": 1
				},
				
				"_position": {
					"x": 0,
					"y": 0.3,
					"z": -1.49011612E-08
				},
				
				"_scale": {
					"x": 13,
					"y": 13,
					"z": 13
				},
				
				"_rotation": {
					"x": 0,
					"y": 1,
					"z": 0,
					"w": 0
				}
			},
			{
				"Name": "bot_leg_right_blue",
				"ColorA": {
					"r": 1,
					"g": 1,
					"b": 1,
					"a": 1
				},
				"ColorB": {
					"r": 0.545098066,
					"g": 0.435294122,
					"b": 0.2784314,
					"a": 1
				},
				"ColorC": {
					"r": 0.1764706,
					"g": 0.5254902,
					"b": 1,
					"a": 1
				},
				"Position": {
					"x": 0.0298999548,
					"y": 0.3,
					"z": -2.01165676E-07
				},
				"Scale": {
					"x": 13,
					"y": 13,
					"z": 13
				},
				"Rotation": {
					"x": 0,
					"y": 1,
					"z": 0,
					"w": -1.62920685E-07
				},
				
				"_name": "bot_leg_right_blue",
				
				"_colorA": {
					"r": 1,
					"g": 1,
					"b": 1,
					"a": 1
				},
				
				"_colorB": {
					"r": 0.545098066,
					"g": 0.435294122,
					"b": 0.2784314,
					"a": 1
				},
				
				"_colorC": {
					"r": 0.1764706,
					"g": 0.5254902,
					"b": 1,
					"a": 1
				},
				
				"_position": {
					"x": 0.0298999548,
					"y": 0.3,
					"z": -2.01165676E-07
				},
				
				"_scale": {
					"x": 13,
					"y": 13,
					"z": 13
				},
				
				"_rotation": {
					"x": 0,
					"y": 1,
					"z": 0,
					"w": -1.62920685E-07
				}
			}
		],
	"StickerMesh": 
		[],
	"selectedRobotName": "save_test2",
	
	"_parts": 
		[
			{
				"Name": "bot_head_blue",
				"ColorA": {
					"r": 1,
					"g": 1,
					"b": 1,
					"a": 1
				},
				"ColorB": {
					"r": 0.545098066,
					"g": 0.435294122,
					"b": 0.2784314,
					"a": 1
				},
				"ColorC": {
					"r": 0.1764706,
					"g": 0.5254902,
					"b": 1,
					"a": 1
				},
				"Position": {
					"x": 0,
					"y": 0.234999478,
					"z": 0
				},
				"Scale": {
					"x": 13,
					"y": 13,
					"z": 13
				},
				"Rotation": {
					"x": 0,
					"y": 1,
					"z": 0,
					"w": -1.62920685E-07
				},
				
				"_name": "bot_head_blue",
				
				"_colorA": {
					"r": 1,
					"g": 1,
					"b": 1,
					"a": 1
				},
				
				"_colorB": {
					"r": 0.545098066,
					"g": 0.435294122,
					"b": 0.2784314,
					"a": 1
				},
				
				"_colorC": {
					"r": 0.1764706,
					"g": 0.5254902,
					"b": 1,
					"a": 1
				},
				
				"_position": {
					"x": 0,
					"y": 0.234999478,
					"z": 0
				},
				
				"_scale": {
					"x": 13,
					"y": 13,
					"z": 13
				},
				
				"_rotation": {
					"x": 0,
					"y": 1,
					"z": 0,