{
	"Parts": 
		[
			{
				"Name": "bot_head_black",
				"ColorA": {
					"r": 0.980392158,
					"g": 0.623529434,
					"b": 0.243137255,
					"a": 1
				},
				"ColorB": {
					"r": 0.0235294122,
					"g": 0.0392156877,
					"b": 0.02745098,
					"a": 1
				},
				"ColorC": {
					"r": 0.623529434,
					"g": 0.623529434,
					"b": 0.623529434,
					"a": 1
				},
				"Position": {
					"x": 0,
					"y": 0.3,
					"z": 0
				},
				"Scale": {
					"x": 13,
					"y": 13,
					"z": 13
				},
				"Rotation": {
					"x": 0,
					"y": 1,
					"z": 0,
					"w": 0
				},
				
				"_name": "bot_head_black",
				
				"_colorA": {
					"r": 0.980392158,
					"g": 0.623529434,
					"b": 0.243137255,
					"a": 1
				},
				
				"_colorB": {
					"r": 0.0235294122,
					"g": 0.0392156877,
					"b": 0.02745098,
					"a": 1
				},
				
				"_colorC": {
					"r": 0.623529434,
					"g": 0.623529434,
					"b": 0.623529434,
					"a": 1
				},
				
				"_position": {
					"x": 0,
					"y": 0.3,
					"z": 0
				},
				
				"_scale": {
					"x": 13,
					"y": 13,
					"z": 13
				},
				
				"_rotation": {
					"x": 0,
					"y": 1,
					"z": 0,
					"w": 0
				}
			},
			{
				"Name": "bot_body_black",
				"ColorA": {
					"r": 0.980392158,
					"g": 0.623529434,
					"b": 0.243137255,
					"a": 1
				},
				"ColorB": {
					"r": 0.0235294122,
					"g": 0.0392156877,
					"b": 0.02745098,
					"a": 1
				},
				"ColorC": {
					"r": 0.623529434,
					"g": 0.623529434,
					"b": 0.623529434,
					"a": 1
				},
				"Position": {
					"x": 0,
					"y": 0.3,
					"z": 0
				},
				"Scale": {
					"x": 13,
					"y": 13,
					"z": 13
				},
				"Rotation": {
					"x": 0,
					"y": 1,
					"z": 0,
					"w": 0
				},
				
				"_name": "bot_body_black",
				
				"_colorA": {
					"r": 0.980392158,
					"g": 0.623529434,
					"b": 0.243137255,
					"a": 1
				},
				
				"_colorB": {
					"r": 0.0235294122,
					"g": 0.0392156877,
					"b": 0.02745098,
					"a": 1
				},
				
				"_colorC": {
					"r": 0.623529434,
					"g": 0.623529434,
					"b": 0.623529434,
					"a": 1
				},
				
				"_position": {
					"x": 0,
					"y": 0.3,
					"z": 0
				},
				
				"_scale": {
					"x": 13,
					"y": 13,
					"z": 13
				},
				
				"_rotation": {
					"x": 0,
					"y": 1,
					"z": 0,
					"w": 0
				}
			},
			{
				"Name": "bot_arm_left_black",
				"ColorA": {
					"r": 0.980392158,
					"g": 0.623529434,
					"b": 0.243137255,
					"a": 1
				},
				"ColorB": {
					"r": 0.0235294122,
					"g": 0.0392156877,
					"b": 0.02745098,
					"a": 1
				},
				"ColorC": {
					"r": 0.623529434,
					"g": 0.623529434,
					"b": 0.623529434,
					"a": 1
				},
				"Position": {
					"x": 0,
					"y": 0.3,
					"z": 0
				},
				"Scale": {
					"x": 13,
					"y": 13,
					"z": 13
				},
				"Rotation": {
					"x": 0,
					"y": 1,
					"z": 0,
					"w": 0
				},
				
				"_name": "bot_arm_left_black",
				
				"_colorA": {
					"r": 0.980392158,
					"g": 0.623529434,
					"b": 0.243137255,
					"a": 1
				},
				
				"_colorB": {
					"r": 0.0235294122,
					"g": 0.0392156877,
					"b": 0.02745098,
					"a": 1
				},
				
				"_colorC": {
					"r": 0.623529434,
					"g": 0.623529434,
					"b": 0.623529434,
					"a": 1
				},
				
				"_position": {
					"x": 0,
					"y": 0.3,
					"z": 0
				},
				
				"_scale": {
					"x": 13,
					"y": 13,
					"z": 13
				},
				
				"_rotation": {
					"x": 0,
					"y": 1,
					"z": 0,
					"w": 0
				}
			},
			{
				"Name": "bot_arm_right_black",
				"ColorA": {
					"r": 0.980392158,
					"g": 0.623529434,
					"b": 0.243137255,
					"a": 1
				},
				"ColorB": {
					"r": 0.0235294122,
					"g": 0.0392156877,
					"b": 0.02745098,
					"a": 1
				},
				"ColorC": {
					"r": 0.623529434,
					"g": 0.623529434,
					"b": 0.623529434,
					"a": 1
				},
				"Position": {
					"x": 0,
					"y": 0.3,
					"z": 0
				},
				"Scale": {
					"x": 13,
					"y": 13,
					"z": 13
				},
				"Rotation": {
					"x": 0,
					"y": 1,
					"z": 0,
					"w": 0
				},
				
				"_name": "bot_arm_right_black",
				
				"_colorA": {
					"r": 0.980392158,
					"g": 0.623529434,
					"b": 0.243137255,
					"a": 1
				},
				
				"_colorB": {
					"r": 0.0235294122,
					"g": 0.0392156877,
					"b": 0.02745098,
					"a": 1
				},
				
				"_colorC": {
					"r": 0.623529434,
					"g": 0.623529434,
					"b": 0.623529434,
					"a": 1
				},
				
				"_position": {
					"x": 0,
					"y": 0.3,
					"z": 0
				},
				
				"_scale": {
					"x": 13,
					"y": 13,
					"z": 13
				},
				
				"_rotation": {
					"x": 0,
					"y": 1,
					"z": 0,
					"w": 0
				}
			},
			{
				"Name": "bot_leg_left_black",
				"ColorA": {
					"r": 0.980392158,
					"g": 0.623529434,
					"b": 0.243137255,
					"a": 1
				},
				"ColorB": {
					"r": 0.0235294122,
					"g": 0.0392156877,
					"b": 0.02745098,
					"a": 1
				},
				"ColorC": {
					"r": 0.623529434,
					"g": 0.623529434,
					"b": 0.623529434,
					"a": 1
				},
				"Position": {
					"x": 0.0298999548,
					"y": 0.299999774,
					"z": -1.49011612E-08
				},
				"Scale": {
					"x": 13,
					"y": 13,
					"z": 13
				},
				"Rotation": {
					"x": 0,
					"y": 1,
					"z": 0,
					"w": 0
				},
				
				"_name": "bot_leg_left_black",
				
				"_colorA": {
					"r": 0.980392158,
					"g": 0.623529434,
					"b": 0.243137255,
					"a": 1
				},
				
				"_colorB": {
					"r": 0.0235294122,
					"g": 0.0392156877,
					"b": 0.02745098,
					"a": 1
				},
				
				"_colorC": {
					"r": 0.623529434,
					"g": 0.623529434,
					"b": 0.623529434,
					"a": 1
				},
				
				"_position": {
					"x": 0.0298999548,
					"y": 0.299999774,
					"z": -1.49011612E-08
				},
				
				"_scale": {
					"x": 13,
					"y": 13,
					"z": 13
				},
				
				"_rotation": {
					"x": 0,
					"y": 1,
					"z": 0,
					"w": 0
				}
			},
			{
				"Name": "bot_leg_right_black",
				"ColorA": {
					"r": 0.980392158,
					"g": 0.623529434,
					"b": 0.243137255,
					"a": 1
				},
				"ColorB": {
					"r": 0.0235294122,
					"g": 0.0392156877,
					"b": 0.02745098,
					"a": 1
				},
				"ColorC": {
					"r": 0.623529434,
					"g": 0.623529434,
					"b": 0.623529434,
					"a": 1
				},
				"Position": {
					"x": -0.0298998952,
					"y": 0.299999774,
					"z": -1.49011612E-08
				},
				"Scale": {
					"x": 13,
					"y": 13,
					"z": 13
				},
				"Rotation": {
					"x": 0,
					"y": 1,
					"z": 0,
					"w": 0
				},
				
				"_name": "bot_leg_right_black",
				
				"_colorA": {
					"r": 0.980392158,
					"g": 0.623529434,
					"b": 0.243137255,
					"a": 1
				},
				
				"_colorB": {
					"r": 0.0235294122,
					"g": 0.0392156877,
					"b": 0.02745098,
					"a": 1
				},
				
				"_colorC": {
					"r": 0.623529434,
					"g": 0.623529434,
					"b": 0.623529434,
					"a": 1
				},
				
				"_position": {
					"x": -0.0298998952,
					"y": 0.299999774,
					"z": -1.49011612E-08
				},
				
				"_scale": {
					"x": 13,
					"y": 13,
					"z": 13
				},
				
				"_rotation": {
					"x": 0,
					"y": 1,
					"z": 0,
					"w": 0
				}
			}
		],
	"StickerMesh": 
		[],
	"selectedRobotName": "save_test1",
	
	"_parts": 
		[
			{
				"Name": "bot_head_black",
				"ColorA": {
					"r": 0.980392158,
					"g": 0.623529434,
					"b": 0.243137255,
					"a": 1
				},
				"ColorB": {
					"r": 0.0235294122,
					"g": 0.0392156877,
					"b": 0.02745098,
					"a": 1
				},
				"ColorC": {
					"r": 0.623529434,
					"g": 0.623529434,
					"b": 0.623529434,
					"a": 1
				},
				"Position": {
					"x": 0,
					"y": 0.3,
					"z": 0
				},
				"Scale": {
					"x": 13,
					"y": 13,
					"z": 13
				},
				"Rotation": {
					"x": 0,
					"y": 1,
					"z": 0,
					"w": 0
				},
				
				"_name": "bot_head_black",
				
				"_colorA": {
					"r": 0.980392158,
					"g": 0.623529434,
					"b": 0.243137255,
					"a": 1
				},
				
				"_colorB": {
					"r": 0.0235294122,
					"g": 0.0392156877,
					"b": 0.02745098,
					"a": 1
				},
				
				"_colorC": {
					"r": 0.623529434,